Key,ESPAÑOL,ENGLISH,PORTUGUES,РУССКИЙ
menu_jugar,JUGAR,PLAY,JOGAR,ИГРАТЬ
menu_ajustes,AJUSTES,SETTINGS,CONFIGURAÇÕES,НАСТРОЙКИ
menu_salir,SALIR,QUIT,SAIR,ВЫХОД
menu_volver,VOLVER AL MENÚ,BACK TO MENU,VOLTAR AO MENU,В ГЛАВНОЕ МЕНЮ
menu_dificultad,DIFICULTAD,DIFFICULTY,DIFICULDADE,СЛОЖНОСТЬ
menu_tamano_mapa,TAMAÑO DE MAPA,MAP SIZE,TAMANHO DO MAPA,РАЗМЕР КАРТЫ
menu_sensibilidad,SENSIBILIDAD MOUSE,MOUSE SENSITIVITY,SENSIBILIDADE DO MOUSE,ЧУВСТВИТЕЛЬНОСТЬ МЫШИ
menu_volumen,VOLUMEN GENERAL,MASTER VOLUME,VOLUME GERAL,ОБЩАЯ ГРОМКОСТЬ
menu_graficos,CALIDAD GRÁFICOS,GRAPHICS QUALITY,QUALIDADE GRÁFICA,КАЧЕСТВО ГРАФИКИ
menu_idioma,IDIOMA,LANGUAGE,IDIOMA,ЯЗЫК
menu_ir_tunes,  [ IR A LOS TÚNELES (NIVEL 2) ],  [ GO TO TUNNELS (LEVEL 2) ],  [ IR PARA OS TÚNEIS (NÍVEL 2) ],  [ ПЕРЕЙТИ В ТУННЕЛИ (УРОВЕНЬ 2) ]
load_titulo,CONSEJO DE SUPERVIVENCIA,SURVIVAL TIP,CONSELHO DE SOBREVIVÊNCIA,СОВЕТ ПО ВЫЖИВАНИЮ
load_status_cargando,CARGANDO MAPA PROCEDURAL...,LOADING PROCEDURAL MAP...,CARREGANDO MAPA PROCEDURAL...,ЗАГРУЗКА ПРОЦЕДУРНОЙ КАРТЫ...
load_status_iniciando,INICIANDO ENCUENTRO...,STARTING ENCOUNTER...,INICIANDO ENCONTRO...,НАЧАЛО СТОЛКНОВЕНИЯ...
tip_1,El fenómeno es atraído por el ruido de tus pasos. Evita correr cuando esté cerca para que no detecte tu posición.,The phenomenon is attracted by the noise of your steps. Avoid running when it's nearby so it doesn't detect you.,O fenômeno é atraído pelo barulho dos seus passos. Evite correr quando ele estiver por perto para não ser detectado.,"Феномен привлекает шум ваших шагов. Избегайте бега, когда он рядом, чтобы он не обнаружил вас."
tip_2,"Si el monstruo te ve, corre hacia una cama y mantén pulsada la acción para esconderte debajo.","If the monster sees you, run to a bed and hold the action key to hide underneath.","Se o monstro te vir, corra para uma cama e segure a ação para se esconder embaixo.","Если монстр заметит вас, бегите к кровати и удерживайте кнопку действия, чтобы спрятаться под ней."
tip_3,La linterna consume batería. Apágala cuando estés en una habitación con luz estable.,The flashlight consumes battery. Turn it off when inside a room with stable lighting.,A lanterna consome bateria. Desligue-a quando estiver em uma sala com luz estável.,Фонарик потребляет батарею. Выключайте его в комнате со стабильным освещением.
tip_4,"Tu salud y tu cordura se regeneran gradualmente, pero únicamente si estás bajo una zona iluminada.","Your health and sanity regenerate gradually, but only when standing under a lighted area.","Sua saúde e sanidade regeneram gradualmente, mas apenas se você estiver sob uma área iluminada.","Ваше здоровье и рассудок постепенно восстанавливаются, но только если вы стоите на освещенном участке."
tip_5,Las notas de la pared contienen los dígitos de la Oficina del Director. Abre la puerta para conseguir la Tarjeta de Acceso.,Wall notes contain the Director's Office door digits. Open the door to get the Keycard.,As notas na parede contêm os dígitos da Sala do Diretor. Abra a porta para obter o Cartão de Acesso.,"В записках на стене указан код от кабинета директора. Откройте дверь, чтобы получить ключ-карту."
tip_6,"Cuando el hospital sufre un apagón, debes activar todos los subgeneradores antes de rearmar la caja de fusibles.","When the hospital suffers a blackout, you must activate all subgenerators before resetting the main fuse box.","Quando o hospital sofrer um apagão, você deve ativar todos os subgeradores antes de rearmar a caixa de fusíveis.","При отключении электричества в больнице вы должны активировать все подгенераторы, прежде чем перезагружать главный блок предохранителей."
tip_7,El monstruo puede teletransportarse a través de las sombras si corres de espaldas en zonas completamente oscuras.,The monster can teleport through shadows if you run backwards in completely dark zones.,O monstro pode se teletransportar pelas sombras se você correr de costas em áreas completamente escuras.,"Монстр может телепортироваться через тени, если вы бежите спиной вперед в абсолютно темных зонах."
tip_8,"Tienes intentos limitados por mapa. Si mueres, reaparecerás en el spawn y el monstruo se retirará lejos.","You have limited attempts per map. If you die, you will respawn and the monster will retreat far away.","Você tem tentativas limitadas por mapa. Se morrer, reaparecerá no spawn e o monstro se retirará para longe.","У вас ограниченное количество попыток на карту. Если вы умрете, вы возродитесь на базе, а монстр отступит далеко."
tip_9,"En el Depósito Industrial, The Replica imita la presencia humana entre la penumbra de los anaqueles. Observa con atención los pasillos.","In the Industrial Depot, The Replica mimics human presence among the dark shelves. Watch narrow corridors carefully.","No Depósito Industrial, The Replica imita a presença humana entre a penumbra das prateleiras. Observe com atenção os corredores.","На промышленном складе The Replica имитирует присутствие человека в полумраке стеллажей. Внимательно следите за коридорами."
tip_10,"En los Túneles Inundados, presurizar la consola de drenaje requiere activar las bombas hidráulicas antes de evacuar por la escotilla.","In the Flooded Tunnels, pressurizing the drainage console requires activating the hydraulic pumps before escaping through the hatch.","Nos Túneis Inundados, pressurizar o console de drenagem exige ativar as bombas hidráulicas antes de evacuar pela escotilha.","В затопленных туннелях дренажная консоль требует активации гидравлических насосов перед эвакуацией через люк."
hud_intentos_ult,Último intento,Last attempt,Última tentativa,Последняя попытка
hud_dia_prefix,Día ,Day ,Dia ,День 
hud_game_over,GAME OVER,GAME OVER,GAME OVER,ИГРА ОКОНЧЕНА
hud_consumido,La oscuridad te ha consumido...,Darkness has consumed you...,A escuridão consumiu você...,Тьма поглотила вас...
hud_reintentar_inicio,REINTENTAR,RETRY,TENTAR NOVAMENTE,ПОВТОРИТЬ
hud_ir_menu,IR AL MENÚ,MAIN MENU,MENU PRINCIPAL,В ГЛАВНОЕ МЕНЮ
msg_far_fuse,Estás muy lejos para interactuar con la caja de fusibles.,You are too far to interact with the fuse box.,Você está muito longe para interagir com a caixa de fusíveis.,"Вы слишком далеко, чтобы взаимодействовать с блоком предохранителей."
msg_fuse_repaired,Fusibles rearmados. ({0}/{1} reparaciones libres usadas),Fuses reset. ({0}/{1} free repairs used),Fusíveis rearmados. ({0}/{1} reparações livres usadas),Предохранители сброшены. (Использовано: {0}/{1} бесплатных ремонтов)
msg_fuse_placed,Fusible de repuesto colocado! Energía restablecida. (Quedan: {0}),Spare fuse placed! Power restored. (Remaining: {0}),Fusível reserva colocado! Energia restabelecida. (Restam: {0}),Запасной предохранитель установлен! Питание восстановлено. (Осталось: {0})
msg_fuse_burned,FUSIBLE QUEMADO PERMANENTEMENTE!\nEncuentra un fusible de repuesto en las habitaciones.,FUSE BURNED PERMANENTLY!\nFind a spare fuse inside the rooms.,FUSÍVEL QUEIMADO PERMANENTEMENTE!\nEncontre um fusível reserva nas salas.,ПРЕДОХРАНИТЕЛЬ СГОРЕЛ НАВСЕГДА!\nНайдите запасной предохранитель в комнатах.
msg_stable_fuse,Fusibles en estado estable. Inventario: {0} fusible(s).,Fuses in stable state. Inventory: {0} fuse(s).,Fusíveis estáveis. Inventário: {0} fusível(is).,Предохранители в стабильном состоянии. В инвентаре: {0} предохранитель(ей).
msg_no_network,SIN RED ELÉCTRICA: Activa todos los Subgeneradores ({0}/{1}) en el hospital.,NO POWER GRID: Activate all Subgenerators ({0}/{1}) in the hospital.,SEM REDE ELÉTRICA: Ative todos os Subgeradores ({0}/{1}) no hospital.,НЕТ ЭЛЕКТРОСЕТИ: Активируйте все подгенераторы ({0}/{1}) в больнице.
interact_note,[E]  Recoger Nota de Código,[E]  Pick up Code Note,[E]  Coletar Nota de Código,[E] Взять записку с кодом
interact_keycard,[E]  Recoger Tarjeta del Director,[E]  Pick up Director Keycard,[E]  Coletar Cartão do Diretor,[E] Взять ключ-карту директора
msg_keycard_picked,Tarjeta de Acceso del Director recogida!,Director Keycard picked up!,Cartão de Acesso do Diretor coletado!,Ключ-карта директора получена!
msg_subgen_active,SUBGENERADOR {0} ACTIVADO!,SUBGENERATOR {0} ACTIVATED!,SUBGERADOR {0} ATIVADO!,ПОДГЕНЕРАТОР {0} АКТИВИРОВАН!
interact_subgen,[E] Encender Subgenerador {0},[E] Turn on Subgenerator {0},[E] Ligar Subgerador {0},[E] Включить подгенератор {0}
interact_bed,Esconderse bajo la cama,Hide under the bed,Esconder-se debaixo da cama,Спрятаться под кроватью
interact_lore_note,[E]  Examinar Registro / Diario,[E]  Examine Log / Journal,[E]  Examinar Registro / Diário,[E] Осмотреть журнал / дневник
monologue_hospital_ethan,"Tengo que encontrar fusibles y baterías para activar el ascensor. Es mi especialidad, pero este lugar me da escalofríos...","I need to find fuses and batteries to power the elevator. It's my specialty, but this place gives me the creeps...","Tenho que encontrar fusíveis e baterias para ativar o elevador. É minha especialidade, mas este lugar me dá arrepios...","Мне нужно найти предохранители и батареи, чтобы запустить лифт. Это по моей части, но от этого места у меня мурашки по коже..."
monologue_hospital_nora,Este lugar está contaminado... tengo que encontrar la tarjeta de acceso de la oficina y salir por el ascensor.,This place is contaminated... I have to find the office keycard and get out through the elevator.,Este lugar está contaminado... tenho que encontrar o cartão de acesso da sala e sair pelo elevador.,Это место загрязнено... мне нужно найти ключ-карту от офиса и выбраться через лифт.
monologue_tunnels_ethan,La consola de bombeo está despresurizada... Necesito reactivar la energía de los generadores para drenar el sector.,The pump console is depressurized... I need to reactivate the generators' power to drain the sector.,O console de bombeamento está despressurizado... Preciso reativar a energia dos geradores para drenar o setor.,"Насосная консоль разгерметизирована... Мне нужно восстановить питание генераторов, чтобы осушить сектор."
monologue_tunnels_nora,El aire es denso... la consola de bombeo de agua debe ser la clave para abrir la escotilla de escape.,The air is dense... the water pump console must be the key to opening the escape hatch.,O ar está denso... o console de bombeamento de água deve ser a chave para abrir a escotilha de escape.,Воздух плотный... водяная насосная консоль должна стать ключом к открытию спасательного люка.
monologue_lore_1,¿Un expediente médico sobre The Amalgam...? ¿Entonces este lugar sabía lo que estaban creando aquí?,A medical file on The Amalgam...? So this place knew what they were creating here?,Um arquivo médico sobre o The Amalgam...? Então este lugar sabia o que estavam criando aqui?,"Медицинское дело о The Amalgam...? Значит, в этом месте знали, что создавали здесь?"
monologue_lore_2,Esta bitácora habla sobre los espejismos de la criatura... no debo dejar que la oscuridad me engañe.,This log talks about the creature's illusions... I must not let the darkness trick me.,Este registro fala sobre as ilusões da criatura... não devo deixar que a escuridão me engane.,"Этот журнал говорит об иллюзиях существа... я не должен позволить тьме обмануть меня."
monologue_lore_4,¿El Fenómeno...? Así llaman a esa cosa que se teletransporta. Tengo que evitar mirarlo directamente.,The Phenomenon...? That's what they call that teleporting thing. I must avoid looking directly at it.,O Fenômeno...? É assim que chamam aquela coisa que se teletransporta. Tenho que evitar olhar diretamente para ele.,Феномен...? Так они называют эту телепортирующуюся тварь. Я должен избегать смотреть прямо на нее.
monologue_lore_5,Las chispas eléctricas... dañarán la batería de mi camcorder si me acerco demasiado.,Electrical sparks... they will drain my camcorder battery if I get too close.,Faíscas elétricas... vão descarregar a bateria da minha filmadora se eu chegar perto demais.,"Электрические искры... они разрядят батарею моей видеокамеры, если я подойду слишком близко."
intro_hospital_ethan,"SISTEMA DE ARCHIVO DE ANOMALÍAS -- VHS-DECAY v0.98\n====================================================\nCINTA RECUPERADA #04: HOSPITAL CENTRAL ABANDONADO\nSUJETO: ETHAN CROSS (INSPECTOR DE INFRAESTRUCTURA)\nOBJETIVO: EVALUACIÓN DE SISTEMAS Y ESTRUCTURA DE ALIMENTACIÓN\n\n\""El hospital fue evacuado de emergencia. Los generadores de respaldo\nestán fallando y el ascensor principal de escape requiere una clave cifrada.\nHe detectado anomalías acústicas en la biblioteca... oigo pasar las páginas.\nDebo restaurar la energía de la subestación y salir rápido de aquí.\""\n====================================================","ANOMALY ARCHIVE SYSTEM -- VHS-DECAY v0.98\n====================================================\nRECOVERED TAPE #04: ABANDONED CENTRAL HOSPITAL\nSUBJECT: ETHAN CROSS (INFRASTRUCTURE INSPECTOR)\nOBJECTIVE: POWER GRID AND STRUCTURAL ASSESSMENT\n\n\""The hospital was evacuated in an emergency. The backup generators are failing and the main escape elevator requires an encrypted key.\nI have detected acoustic anomalies in the library... I hear pages turning.\nI must restore the power at the substation and get out of here quickly.\""\n====================================================","SISTEMA DE ARQUIVOS DE ANOMALIAS -- VHS-DECAY v0.98\n====================================================\nFITA RECUPERADA #04: HOSPITAL CENTRAL ABANDONADO\nSUJEITO: ETHAN CROSS (INSPETOR DE INFRAESTRUTURA)\nOBJETIVO: AVALIAÇÃO DA REDE ELÉTRICA E ESTRUTURA\n\n\""O hospital foi evacuado em emergência. Os geradores de reserva estão falhando e o elevador de fuga principal exige uma senha criptografada.\nDetectei anomalias acústicas na biblioteca... ouço páginas passando.\nPreciso restaurar a energia na subestação e sair daqui rapidamente.\""\n====================================================","СИСТЕМА АРХИВАЦИИ АНОМАЛИЙ -- VHS-DECAY v0.98\n====================================================\nВОССТАНОВЛЕННАЯ ПЛЕНКА #04: ЗАБРОШЕННАЯ ЦЕНТРАЛЬНАЯ БОЛЬНИЦА\nСУБЪЕКТ: ИТАН КРОСС (ИНСПЕКТОР ИНФРАСТРУКТУРЫ)\nЦЕЛЬ: ОЦЕНКА ЭЛЕКТРОСЕТИ И СТРУКТУРЫ\n\n\""Больница была эвакуирована в экстренном порядке. Резервные генераторы\nвыходят из строя, а для главного лифта требуется зашифрованный ключ.\nЯ обнаружил акустические аномалии в библиотеке... слышу, как переворачиваются страницы.\nЯ должен восстановить питание на подстанции и быстро убираться отсюда.\""\n===================================================="
intro_hospital_nora,"SISTEMA DE ARCHIVO DE ANOMALÍAS -- VHS-DECAY v0.98\n====================================================\nCINTA RECUPERADA #04: HOSPITAL CENTRAL ABANDONADO\nSUJETO: NORA HAYES (INVESTIGADORA AMBIENTAL)\nOBJETIVO: ANÁLISIS DE RESIDUOS Y EVALUACIÓN DE RIESGOS\n\n\""El hospital fue evacuado en absoluto silencio. Hay rastros de una severa\ncontaminación en los niveles inferiores y el ascensor está bloqueado.\nAlgo se arrastra por el suelo y vigila desde la oscuridad de la biblioteca principal...\nNo estoy sola aquí. Debo conseguir las pruebas y huir antes de que sea tarde.\""\n====================================================","ANOMALY ARCHIVE SYSTEM -- VHS-DECAY v0.98\n====================================================\nRECOVERED TAPE #04: ABANDONED CENTRAL HOSPITAL\nSUBJECT: NORA HAYES (ENVIRONMENTAL INVESTIGATOR)\nOBJECTIVE: WASTE ANALYSIS AND RISK ASSESSMENT\n\n\""The hospital was evacuated in absolute silence. There are traces of severe contamination in the lower levels and the elevator is blocked.\nSomething is crawling on the floor and watching from the shadows of the main library... I'm not alone.\nI must gather the evidence and escape before it's too late.\""\n====================================================","SISTEMA DE ARQUIVOS DE ANOMALIAS -- VHS-DECAY v0.98\n====================================================\nFITA RECUPERADA #04: HOSPITAL CENTRAL ABANDONADO\nSUJEITO: NORA HAYES (INVESTIGADORA AMBIENTAL)\nOBJETIVO: ANÁLISE DE RESÍDUOS E AVALIAÇÃO DE RISCOS\n\n\""O hospital foi evacuado em silêncio absoluto. Há vestígios de contaminação severa nos níveis inferiores e o elevador está bloqueado.\nAlgo está se arrastando pelo chão e vigiando da escuridão da biblioteca principal... Não estou sozinha.\nPreciso coletar as evidências e fugir antes que seja tarde.\""\n====================================================","СИСТЕМА АРХИВАЦИИ АНОМАЛИЙ -- VHS-DECAY v0.98\n====================================================\nВОССТАНОВЛЕННАЯ ПЛЕНКА #04: ЗАБРОШЕННАЯ ЦЕНТРАЛЬНАЯ БОЛЬНИЦА\nСУБЪЕКТ: НОРА ХЕЙС (ИССЛЕДОВАТЕЛЬ-ЭКОЛОГ)\nЦЕЛЬ: АНАЛИЗ ОТХОДОВ И ОЦЕНКА РИСКОВ\n\n\""Больница была эвакуирована в абсолютной тишине. На нижних уровнях\nобнаружены следы сильного загрязнения, а лифт заблокирован.\nЧто-то ползает по полу и наблюдает из темноты главной библиотеки...\nЯ здесь не одна. Я должна собрать улики и сбежать, пока не стало слишком поздно.\""\n===================================================="
intro_tunnels_ethan,"SISTEMA DE ARCHIVO DE ANOMALÍAS -- VHS-DECAY v0.98\n====================================================\nCINTA RECUPERADA #07: SECTOR DE DRENAJES SUBTERRÁNEOS B-12\nSUJETO: ETHAN CROSS (INSPECTOR DE INFRAESTRUCTURA)\nOBJETIVO: INSPECCIÓN DE LA CONSOLA DE BOMBEO Y ENERGÍA SECUNDARIA\n\n\""La consola de bombeo principal ha fallado. El generador secundario\nestá apagado por sobrecarga. Hay una interferencia electromagnética\nsevera que distorsiona mi equipo. Debo presurizar los tres tanques\nde drenaje para abrir la compuerta de escape.\""\n====================================================","ANOMALY ARCHIVE SYSTEM -- VHS-DECAY v0.98\n====================================================\nRECOVERED TAPE #07: B-12 SUBTERRANEAN DRAINAGE SECTOR\nSUBJECT: ETHAN CROSS (INFRASTRUCTURE INSPECTOR)\nOBJECTIVE: PUMP CONSOLE AND AUXILIARY POWER INSPECTION\n\n\""The main pump console has failed. The auxiliary generator is shut down due to overload.\nThere is severe electromagnetic interference distorting my equipment.\nI must pressurize the three drainage tanks to open the escape hatch.\""\n====================================================","SISTEMA DE ARQUIVOS DE ANOMALIAS -- VHS-DECAY v0.98\n====================================================\nFITA RECUPERADA #07: SETOR DE DRENAGEM SUBTERRÂNEO B-12\nSUJEITO: ETHAN CROSS (INSPETOR DE INFRAESTRUTURA)\nOBJETIVO: INSPEÇÃO DO CONSOLE DE BOMBEO E ENERGIA AUXILIAR\n\n\""O console de bombeamento principal falhou. O gerador secundário está desligado por sobrecarga.\nHá uma interferência eletromagnética severa distorcendo meu equipamento.\nPreciso pressurizar os três tanques de drenagem para abrir a escotilha de fuga.\""\n====================================================","СИСТЕМА АРХИВАЦИИ АНОМАЛИЙ -- VHS-DECAY v0.98\n====================================================\nВОССТАНОВЛЕННАЯ ПЛЕНКА #07: ПОДЗЕМНЫЙ ДРЕНАЖНЫЙ СЕКТОР B-12\nСУБЪЕКТ: ИТАН КРОСС (ИНСПЕКТОР ИНФРАСТРУКТУРЫ)\nЦЕЛЬ: ОСМОТР НАСОСНОЙ КОНСОЛИ И ВСПОМОГАТЕЛЬНОГО ПИТАНИЯ\n\n\""Главная насосная консоль вышла из строя. Вспомогательный генератор\nотключен из-за перегрузки. Наблюдаются сильные электромагнитные помехи,\nискажающие работу моего оборудования. Я должен повысить давление\nв трех дренажных резервуарах, чтобы открыть спасательный люк.\""\n===================================================="
intro_tunnels_nora,"SISTEMA DE ARCHIVO DE ANOMALÍAS -- VHS-DECAY v0.98\n====================================================\nCINTA RECUPERADA #07: SECTOR DE DRENAJES SUBTERRÁNEOS B-12\nSUJETO: NORA HAYES (INVESTIGADORA AMBIENTAL)\nOBJETIVO: ANÁLISIS DE TOXICIDAD Y LOCALIZACIÓN DE ANOMALÍAS\n\n\""El agua de los drenajes muestra niveles críticos de toxicidad.\nUna densa niebla negra está llenando rápidamente los pasadizos.\nMi camcorder está captando parpadeos extraños y estática severa.\nDebo activar la consola de bombeo para drenar la zona y encontrar la salida.\""\n====================================================","ANOMALY ARCHIVE SYSTEM -- VHS-DECAY v0.98\n====================================================\nRECOVERED TAPE #07: B-12 SUBTERRANEAN DRAINAGE SECTOR\nSUBJECT: NORA HAYES (ENVIRONMENTAL INVESTIGATOR)\nOBJECTIVE: TOXICITY ANALYSIS AND ANOMALY DETECTION\n\n\""The drainage water shows critical toxicity levels.\nA dense black fog is quickly filling the tunnels.\nMy camcorder is catching strange flickers and severe static.\nI must activate the pump console to drain the zone and find the exit.\""\n====================================================","SISTEMA DE ARQUIVOS DE ANOMALIAS -- VHS-DECAY v0.98\n====================================================\nFITA RECUPERADA #07: SETOR DE DRENAGEM SUBTERRÂNEO B-12\nSUJEITO: NORA HAYES (INVESTIGADORA AMBIENTAL)\nOBJETIVO: ANÁLISE DE TOXICIDADE E DETECÇÃO DE ANOMALIAS\n\n\""A água da drenagem mostra níveis críticos de toxicidade.\nUma névoa negra densa está enchendo rapidamente os túneis.\nMinha filmadora está registrando piscadas estranhas e estática severa.\nPreciso ativar o console de bombeamento para drenar a área e encontrar a saída.\""\n====================================================","СИСТЕМА АРХИВАЦИИ АНОМАЛИЙ -- VHS-DECAY v0.98\n====================================================\nВОССТАНОВЛЕННАЯ ПЛЕНКА #07: ПОДЗЕМНЫЙ ДРЕНАЖНЫЙ СЕКТОР B-12\nСУБЪЕКТ: НОРА ХЕЙС (ИССЛЕДОВАТЕЛЬ-ЭКОЛОГ)\nЦЕЛЬ: АНАЛИЗ ТОКСИЧНОСТИ И ОБНАРУЖЕНИЕ АНОМАЛИЙ\n\n\""Дренажная вода показывает критические уровни токсичности.\nГустой черный туман быстро заполняет туннели.\nМоя видеокамера фиксирует странные мерцания и сильные помехи.\nЯ должна активировать насосную консоль, чтобы осушить зону и найти выход.\""\n===================================================="
intro_depot_ethan,"SISTEMA DE ARCHIVO DE ANOMALÍAS -- VHS-DECAY v0.98\n====================================================\nCINTA RECUPERADA #11: DEPÓSITO INDUSTRIAL NORTE-4\nSUJETO: ETHAN CROSS (INSPECTOR DE INFRAESTRUCTURA)\nESTADO DE LA INSTALACIÓN: EVACUADA · SELLADA\n====================================================\n\n\""Esta cinta fue recuperada de los archivos de seguridad\ndel complejo industrial. El personal desapareció sin dejar\nrastro la noche del 24 de octubre de 1997.\n\nUna presencia fue registrada repetidamente en los pasillos\ndel almacén. Las cámaras captaron una silueta que imitaba\nlos movimientos de los trabajadores.\n\nNO SE PUDO IDENTIFICAR.\""\n====================================================","ANOMALY ARCHIVE SYSTEM -- VHS-DECAY v0.98\n====================================================\nRECOVERED TAPE #11: NORTH-4 INDUSTRIAL DEPOT\nSUBJECT: ETHAN CROSS (INFRASTRUCTURE INSPECTOR)\nFACILITY STATUS: EVACUATED · SEALED\n====================================================\n\n\""This tape was recovered from the security archives\nof the industrial complex. The staff disappeared without\na trace on the night of October 24, 1997.\n\nA presence was repeatedly recorded in the warehouse halls.\nSecurity cameras captured a silhouette that mimicked\nthe movements of the workers.\n\nCOULD NOT BE IDENTIFIED.\""\n====================================================","SISTEMA DE ARQUIVOS DE ANOMALIAS -- VHS-DECAY v0.98\n====================================================\nFITA RECUPERADA #11: DEPÓSITO INDUSTRIAL NORTE-4\nSUJEITO: ETHAN CROSS (INSPETOR DE INFRAESTRUTURA)\nSTATUS DA INSTALAÇÃO: EVACUADA · SELADA\n====================================================\n\n\""Esta fita foi recuperada dos arquivos de segurança\ndo complexo industrial. O pessoal desapareceu sem deixar\nrastro na noite de 24 de outubro de 1997.\n\nUma presença foi registrada repetidamente nos corredores\ndo armazém. As câmeras captaram uma silhueta que imitava\nos movimentos dos trabalhadores.\n\nNÃO FOI POSSÍVEL IDENTIFICAR.\""\n====================================================","СИСТЕМА АРХИВАЦИИ АНОМАЛИЙ -- VHS-DECAY v0.98\n====================================================\nВОССТАНОВЛЕННАЯ ПЛЕНКА #11: ПРОМЫШЛЕННЫЙ СКЛАД СЕВЕР-4\nСУБЪЕКТ: ИТАН КРОСС (ИНСПЕКТОР ИНФРАСТРУКТУРЫ)\nСТАТУС ОБЪЕКТА: ЭВАКУИРОВАН · ОПЕЧАТАН\n====================================================\n\n\""Эта пленка была восстановлена из архивов службы безопасности\nпромышленного комплекса. Персонал бесследно исчез\nв ночь на 24 октября 1997 года.\n\nВ коридорах склада неоднократно фиксировалось чье-то присутствие.\nКамеры видеонаблюдения запечатлели силуэт, который имитировал\nдвижения рабочих.\n\nИДЕНТИФИЦИРОВАТЬ НЕ УДАЛОСЬ.\""\n===================================================="
intro_depot_nora,"SISTEMA DE ARCHIVO DE ANOMALÍAS -- VHS-DECAY v0.98\n====================================================\nCINTA RECUPERADA #11: DEPÓSITO INDUSTRIAL NORTE-4\nSUJETO: NORA HAYES (INVESTIGADORA AMBIENTAL)\nESTADO DE LA INSTALACIÓN: EVACUADA · SELLADA\n====================================================\n\n\""Esta cinta fue recuperada de los archivos de seguridad\ndel complejo industrial. El personal desapareció sin dejar\nrastro la noche del 24 de octubre de 1997.\n\nAlgo en ese lugar aprendió a moverse como nosotros.\nLas cámaras lo registraron. Nadie sobrevivió para dar\nun informe oficial.\n\nNO SE PUDO IDENTIFICAR.\""\n====================================================","ANOMALY ARCHIVE SYSTEM -- VHS-DECAY v0.98\n====================================================\nRECOVERED TAPE #11: NORTH-4 INDUSTRIAL DEPOT\nSUBJECT: NORA HAYES (ENVIRONMENTAL INVESTIGATOR)\nFACILITY STATUS: EVACUATED · SEALED\n====================================================\n\n\""This tape was recovered from the security archives\nof the industrial complex. The staff disappeared without\na trace on the night of October 24, 1997.\n\nSomething in that place learned to move like us.\nThe cameras recorded it. No one survived to file\nan official report.\n\nCOULD NOT BE IDENTIFIED.\""\n====================================================","SISTEMA DE ARQUIVOS DE ANOMALIAS -- VHS-DECAY v0.98\n====================================================\nFITA RECUPERADA #11: DEPÓSITO INDUSTRIAL NORTE-4\nSUJEITO: NORA HAYES (INVESTIGADORA AMBIENTAL)\nSTATUS DA INSTALAÇÃO: EVACUADA · SELADA\n====================================================\n\n\""Esta fita foi recuperada dos arquivos de segurança\ndo complexo industrial. O pessoal desapareceu sem deixar\nrastro na noite de 24 de outubro de 1997.\n\nAlgo naquele lugar aprendeu a se mover como nós.\nAs câmeras registraram. Ninguém sobreviveu para fazer\num relatório oficial.\n\nNÃO FOI POSSÍVEL IDENTIFICAR.\""\n====================================================","СИСТЕМА АРХИВАЦИИ АНОМАЛИЙ -- VHS-DECAY v0.98\n====================================================\nВОССТАНОВЛЕННАЯ ПЛЕНКА #11: ПРОМЫШЛЕННЫЙ СКЛАД СЕВЕР-4\nСУБЪЕКТ: НОРА ХЕЙС (ИССЛЕДОВАТЕЛЬ-ЭКОЛОГ)\nСТАТУС ОБЪЕКТА: ЭВАКУИРОВАН · ОПЕЧАТАН\n====================================================\n\n\""Эта пленка была восстановлена из архивов службы безопасности\nпромышленного комплекса. Персонал бесследно исчез\nв ночь на 24 октября 1997 года.\n\nЧто-то в этом месте научилось двигаться как мы.\nКамеры это зафиксировали. Никто не выжил, чтобы составить\nофициальный отчет.\n\nИДЕНТИФИЦИРОВАТЬ НЕ УДАЛОСЬ.\""\n===================================================="
lore_hosp_title_1,Registro del Dr. Vance (The Amalgam),Dr. Vance's Log (The Amalgam),Registro do Dr. Vance (The Amalgam),Журнал доктора Вэнса (The Amalgam)
lore_hosp_body_1,"<b>EXPEDIENTE MÉDICO #104 - ALA DE CUARENTENA:</b>\n\nNo es un solo sujeto... es el resultado de la fusión de múltiples cuerpos. Lo llamamos <i>The Amalgam</i>.\nSus extremidades son deformes y alargadas, y emite un llanto lúgubre constante en la penumbra.\nHa desarrollado una agresividad extrema en la oscuridad.\nCuando las luces se apagan y entra en persecución, su velocidad es implacable.\nNo intentes huir en línea recta: busca una habitación o métete bajo la cama antes de que te vea cara a cara.","<b>MEDICAL FILE #104 - QUARANTINE WING:</b>\n\nIt is not a single subject... it is the result of fusing multiple bodies. We call it <i>The Amalgam</i>.\nIts limbs are deformed and elongated, and it emits a constant mournful cry in the gloom.\nIt has developed extreme aggressiveness in the dark.\nWhen the lights go out and it enters a chase, its speed is relentless.\nDo not try to run in a straight line: find a room or hide under a bed before it sees you face to face.","<b>ARQUIVO MÉDICO #104 - ALA DE QUARENTENA:</b>\n\nNão é um único indivíduo... é o resultado da fusão de múltiplos corpos. Nós o chamamos de <i>The Amalgam</i>.\nSeus membros são deformados e alongados, e ele emite um choro lúgubre constante na penumbra.\nEle desenvolveu uma agressividade extrema na escuridão.\nQuando as luzes se apagam e ele entra em perseguição, sua velocidade é implacável.\nNão tente fugir em linha reta: procure um quarto ou esconda-se debaixo da cama antes que ele te veja cara a cara.","<b>МЕДИЦИНСКОЕ ДЕЛО №104 - КАРАНТИННОЕ КРЫЛО:</b>\n\nЭто не один субъект... это результат слияния нескольких тел. Мы называем его <i>The Amalgam</i>.\nЕго конечности деформированы и вытянуты, и он издает постоянный скорбный плач в полумраке.\nОн развил крайнюю агрессивность в темноте.\nКогда гаснет свет и начинается погоня, его скорость неумолима.\nНе пытайтесь бежать по прямой: найдите комнату или спрячьтесь под кроватью, пока он не увидел вас лицом к лицу."
lore_hosp_title_2,Bitácora de Seguridad (Fenómeno de Oscuridad),Security Log (Darkness Phenomenon),Diário de Segurança (Fenômeno da Escuridão),Журнал безопасности (Феномен тьмы)
lore_hosp_body_2,"<b>BITÁCORA DE SEGURIDAD - 24 DE OCTUBRE:</b>\n\nEl apagón inicial de 25 segundos no fue una falla común... fue ÉL.\nCada vez que el sistema eléctrico colapsa, los lamentos de la criatura retumban por el hospital.\nY lo peor son los espejismos... a medida que la tensión aumenta, el hospital juega con tu mente.\nVerás siluetas sombrías de The Amalgam en los pasillos alternativos.\n<i>¡NO TE ACERQUES A ELLAS!</i> Si te aproximas a una de sus sombras, el ser real se materializará ahí y arrancará a correr.","<b>SECURITY LOG - OCTOBER 24:</b>\n\nThe initial 25-second blackout was not a common power failure... it was HIM.\nEvery time the electrical system collapses, the creature's wails echo throughout the hospital.\nAnd worst of all are the illusions... as tension rises, the hospital plays tricks on your mind.\nYou will see dark silhouettes of The Amalgam in side corridors.\n<i>DO NOT APPROACH THEM!</i> If you get close to one of its shadows, the real creature will materialize there and sprint.","<b>REGISTRO DE SEGURANÇA - 24 DE OUTUBRO:</b>\n\nO apagão inicial de 25 segundos não foi uma falha comum... foi ELE.\nToda vez que o sistema elétrico colapsa, os lamentos da criatura ecoam pelo hospital.\nE o pior são as ilusões... à medida que a tensão aumenta, o hospital joga com sua mente.\nVocê verá siluetas sombrias do The Amalgam nos corredores secundários.\n<i>NÃO SE APROXIME DELAS!</i> Se você se aproximar de uma de suas sombras, a criatura real se materializará lá e começará a correr.","<b>ЖУРНАЛ БЕЗОПАСНОСТИ - 24 ОКТЯБРЯ:</b>\n\nПервоначальное 25-секундное отключение света не было обычной поломкой... это был ОН.\nКаждый раз, когда электрическая система рушится, стенания существа эхом отдаются по всей больнице.\nИ самое страшное - это иллюзии... по мере роста напряжения больница играет с вашим разумом.\nВы увидите темные силуэты The Amalgam в боковых коридорах.\n<i>НЕ ПРИБЛИЖАЙТЕСЬ К НИМ!</i> Если вы подойдете к одной из его теней, настоящее существо материализуется там и побежит."
lore_hosp_title_3,Memorándum de Evacuación Médica,Medical Evacuation Memorandum,Memorando de Evacuação Médica,Меморандум о медицинской эвакуации
lore_hosp_body_3,"<b>ORDEN DE EVACUACIÓN INTERNA:</b>\n\nA todo el personal administrativo y sobrevivientes:\nLa entidad 'The Amalgam' ha tomado el control del ala principal del hospital.\nEl ascensor de escape principal de la oficina del director ha sido bloqueado por el protocolo de cuarentena.\nSe requiere una contraseña cifrada de 7 dígitos para restablecerlo.\nLas hojas de códigos de seguridad se han esparcido por las habitaciones para evitar que los sujetos las encuentren.\nBusca los 7 dígitos, mantén encendidos los subgeneradores para calmar la oscuridad y evacua inmediatamente.","<b>INTERNAL EVACUATION ORDER:</b>\n\nTo all administrative staff and survivors:\nThe entity 'The Amalgam' has taken control of the main hospital wing.\nThe main escape elevator in the director's office has been locked by the quarantine protocol.\nA 7-digit encrypted passcode is required to reset it.\nSecurity code sheets have been scattered across the rooms to prevent subjects from finding them.\nFind all 7 digits, keep sub-generators powered to soothe the darkness, and evacuate immediately.","<b>ORDEM DE EVACUAÇÃO INTERNA:</b>\n\nA todo o pessoal administrativo e sobreviventes:\nA entidade 'The Amalgam' tomou o controle da ala principal do hospital.\nO elevador de fuga principal na sala do diretor foi bloqueado pelo protocolo de quarentena.\nÉ necessária uma senha criptografada de 7 dígitos para restaurá-lo.\nAs folhas de códigos de segurança foram espalhadas pelas salas para evitar que os sujeitos as encontrem.\nProcure os 7 dígitos, mantenha os subgeradores ligados para acalmar a escuridão e evacue imediatamente.","<b>ВНУТРЕННИЙ ПРИКАЗ ОБ ЭВАКУАЦИИ:</b>\n\nВсем административным сотрудникам и выжившим:\nСущность 'The Amalgam' захватила контроль над главным крылом больницы.\nГлавный эвакуационный лифт в кабинете директора был заблокирован протоколом карантина.\nДля его сброса требуется 7-значный зашифрованный пароль.\nЛисты с кодами безопасности были разбросаны по комнатам, чтобы объекты их не нашли.\nНайдите все 7 цифр, поддерживайте питание генераторов, чтобы успокоить тьму, и немедленно эвакуируйтесь."
lore_tunn_title_1,Bitácora del Operario (The Phenomenon),Operator's Log (The Phenomenon),Diário do Operário (The Phenomenon),Журнал оператора (The Phenomenon)
lore_tunn_body_1,"<b>REGISTRO DE SEGURIDAD - SECTOR B-12:</b>\n\nHay algo más aquí abajo. No es una rata. No es una tubería rota.\nSe teletransporta por el rabillo del ojo. Cuando lo miras de frente, parece desvanecerse...\nPero si te quedas inmóvil mirándolo fijamente demasiado tiempo, su presencia te consume la mente.\nSi escuchas una estática aguda y la pantalla parpadea, ¡DATE LA VUELTA Y CORRE!\nNo dejes que se acerque.","<b>SECURITY RECORD - SECTOR B-12:</b>\n\nThere is something else down here. It's not a rat. It's not a broken pipe.\nIt teleports in the corner of your eye. When you look at it head-on, it seems to fade away...\nBut if you stand still staring at it for too long, its presence consumes your mind.\nIf you hear sharp static and your screen flickers, TURN AROUND AND RUN!\nDon't let it get close.","<b>REGISTRO DE SEGURANÇA - SETOR B-12:</b>\n\nHá algo mais aqui embaixo. Não é um rato. Não é um cano quebrado.\nEle se teletransporta pelo canto do olho. Quando você olha de frente, parece desaparecer...\nMas se você ficar parado olhando fixamente por muito tempo, sua presença consome sua mente.\nSe ouvir estática aguda e sua tela piscar, VIR-SE E CORRA!\nNão deixe ele se aproximar.","<b>ЖУРНАЛ БЕЗОПАСНОСТИ - СЕКТОР B-12:</b>\n\nЗдесь внизу есть что-то еще. Это не крыса. И не сломанная труба.\nОно телепортируется краем глаза. Когда вы смотрите на него в упор, оно кажется исчезающим...\nНо если вы слишком долго стоите на месте, глядя на него, его присутствие поглощает ваш разум.\nЕсли вы слышите резкие помехи и ваш экран мерцает, ОБЕРНИТЕСЬ И БЕГИТЕ!\nНе подпускайте его близко."
lore_tunn_title_2,Informe de Incidentes - Fuga Química,Incident Report - Chemical Leak,Relatório de Incidentes - Vazamento Químico,Отчет об инциденте - Утечка химикатов
lore_tunn_body_2,"<b>EXPEDIENTE TÉCNICO DE INSTALACIONES:</b>\n\nEl sistema de drenaje principal ha sido contaminado por residuos del laboratorio de arriba.\nSe informa de ruidos de metal doblándose y crujidos en las pasarelas (catwalks).\nCuidado con las chispas eléctricas expuestas; pueden dañar la linterna del camcorder.\nSi el generador principal de los túneles se apaga por sobrecarga, usa los interruptores de los paneles eléctricos secundarios.","<b>FACILITIES TECHNICAL FILE:</b>\n\nThe main drainage system has been contaminated by waste from the lab above.\nReports of metal bending and creaking noises on the catwalks.\nWatch out for exposed electrical sparks; they can damage your camcorder's flashlight.\nIf the main generator in the tunnels shuts down due to overload, use the secondary electrical panel switches.","<b>ARQUIVO TÉCNICO DE INSTALAÇÕES:</b>\n\nO sistema de drenagem principal foi contaminado por resíduos do laboratório acima.\nRelatos de ruídos de metal se dobrando e estalos nas passarelas (catwalks).\nCuidado com faíscas elétricas expostas; elas podem danificar a lanterna da sua filmadora.\nSe o gerador principal dos túneis desligar por sobrecarga, use os interruptores dos painéis elétricos secundários.","<b>ТЕХНИЧЕСКИЙ ФАЙЛ ОБЪЕКТА:</b>\n\nГлавная дренажная система была загрязнена отходами из лаборатории наверху.\nПоступают сообщения о звуках гнущегося металла и скрипах на мостиках (catwalks).\nОстерегайтесь открытых электрических искр; они могут повредить фонарик вашей видеокамеры.\nЕсли главный генератор в туннелях отключится из-за перегрузки, используйте переключатели на вторичных электрических панелях."
lore_tunn_title_3,Nota Arrugada de Supervisor,Crumpled Supervisor Note,Nota Amassada do Supervisor,Смятая записка супервайзера
lore_tunn_body_3,"<b>GARABATO APRESURADO:</b>\n\nLa escotilla de escape está sellada. La consola de bombeo requiere presurizar los tres tanques principales.\nNo hay energía. El interruptor principal está en la cabina del generador...\nPero hay una estática insoportable que se mueve por el pasillo central.\nSi estás leyendo esto, no intentes pelear contra lo que acecha en la niebla negra. Solo corre y reza.","<b>HURRIED SCRIBBLE:</b>\n\nThe escape hatch is sealed. The pump console requires pressurizing the three main tanks.\nThere is no power. The main switch is in the generator cabin...\nBut there is unbearable static moving along the central hallway.\nIf you are reading this, don't try to fight what lurks in the black fog. Just run and pray.","<b>RASCUNHO APRESSADO:</b>\n\nA escotilha de fuga está selada. O console de bombeamento exige pressurizar os três tanques principais.\nNão há energia. O interruptor principal está na cabine do gerador...\nMas há uma estática insuportável se movendo pelo corredor central.\nSe você estiver lendo isso, não tente lutar contra o que espreita na névoa negra. Apenas corra e reze.","<b>ПОСПЕШНЫЕ КАРАКУЛИ:</b>\n\nСпасательный люк запечатан. Насосная консоль требует повышения давления в трех главных резервуарах.\nНет питания. Главный рубильник находится в кабине генератора...\nНо по центральному коридору перемещаются невыносимые помехи.\nЕсли вы читаете это, не пытайтесь бороться с тем, что скрывается в черном тумане. Просто бегите и молитесь."
notepad_director_code,Código de la Oficina del Director:,Director's Office Passcode:,Código da Sala do Diretor:,Код кабинета директора:
notepad_hospital_map,MAPA DEL HOSPITAL,HOSPITAL MAP,MAPA DO HOSPITAL,КАРТА БОЛЬНИЦЫ
notepad_tunnels_map,PLANO DE LOS TÚNELES,TUNNELS SCHEMATIC,PLANO DOS TÚNEIS,СХЕМА ТУННЕЛЕЙ
notepad_lore_records,REGISTROS:,LOGS:,REGISTROS:,ЖУРНАЛЫ:
notepad_close,Cerrar,Close,Fechar,Закрыть
notepad_no_lore,No has recopilado ningún informe ni documento de historia todavía.\n\nBusca papeles envejecidos y quemados en las mesas y consultas del hospital.,You haven't gathered any reports or history logs yet.\n\nLook for aged and burnt papers on tables and rooms.,Você ainda não coletou nenhum relatório ou documento de história.\n\nProcure por papéis envelhecidos e queimados nas mesas e salas.,Вы еще не собрали никаких отчетов или записей истории.\n\nИщите старые и обгоревшие бумаги на столах и в комнатах.
notepad_hint_tunnels,"Pistas del Hospital:\n\n(Esta sección correspondía al Hospital. En los túneles no se requieren notas clave para avanzar).\n\n⚠️ Tu objetivo actual en el sector de túneles es localizar la consola de drenaje, accionar la palanca de bombeo y evacuar por la escotilla principal.","Hospital Clues:\n\n(This section belonged to the Hospital. In the tunnels, no keycodes are required to advance).\n\n⚠️ Your current objective in the tunnels is to locate the drainage console, activate the pump lever, and escape through the main hatch.","Pistas do Hospital:\n\n(Esta seção correspondia ao Hospital. Nos túneis não são necessárias notas de código para avançar).\n\n⚠️ Seu objetivo atual nos túneis é localizar o console de drenagem, acionar a alavanca de bombeamento e evacuar pela escotilha principal.","Подсказки больницы:\n\n(Этот раздел относился к больнице. В туннелях коды не требуются для продвижения).\n\n⚠️ Ваша текущая цель в туннелях — найти консоль дренажа, активировать рычаг насоса и сбежать через главный люк."
notepad_hint_header,Pistas encontradas en el laberinto:\n\n,Clues found in the maze:\n\n,Pistas encontradas no labirinto:\n\n,"Подсказки, найденные в лабиринте:\n\n"
notepad_hint_digit,• Dígito {0} del código: {1}\n,• Digit {0} of the code: {1}\n,• Dígito {0} do código: {1}\n,• Цифра {0} кода: {1}\n
notepad_hint_none,(Aún no has encontrado ninguna nota. Busca papeles blancos con números en las consultas y oficinas del hospital).,(You haven't found any notes yet. Search for white papers with numbers in offices and hospital rooms).,(Você ainda não encontrou nenhuma nota. Procure por papéis brancos com números nas salas e escritórios do hospital).,(Вы еще не нашли ни одной записки. Ищите белые бумаги с цифрами в кабинетах и палатах больницы).
notepad_hint_complete,¡Código completo descubierto! Ve a la puerta de la Oficina del Director e ingresa los 7 números.,Complete code discovered! Go to the Director's Office door and enter the 7 numbers.,Código completo descoberto! Vá até a porta da Sala do Diretor e insira os 7 números.,Полный код обнаружен! Идите к двери кабинета директора и введите 7 цифр.
notepad_hint_progress,\n({0} de 7 notas encontradas. Sigue explorando para rellenar los casilleros vacíos).,\n({0} of 7 notes found. Keep exploring to fill in the empty slots).,\n({0} de 7 notas encontradas. Continue explorando para preencher as lacunas).,"\n(Найдено {0} из 7 записок. Продолжайте исследовать, чтобы заполнить пустые ячейки)."
notepad_tab_code,CLAVE,CODE,CÓDIGO,КОД
notepad_tab_map,MAPA,MAP,MAPA,КАРТА
notepad_tab_lore,REGISTROS,RECORDS,REGISTROS,ЖУРНАЛЫ
end_depot_msg1,Logré salir... La luz del exterior por fin ciega esta pesadilla.,I made it out... The outside light finally blinds this nightmare.,Consegui sair... A luz exterior finalmente cega esse pesadelo.,Мне удалось выбраться... Свет снаружи наконец ослепляет этот кошмар.
end_depot_msg2,Pero sé que en la oscuridad de esa fábrica...,But I know that in the darkness of that factory...,Mas eu sei que na escuridão daquela fábrica...,"Но я знаю, что в темноте этой фабрики..."
end_depot_msg3,La Réplica seguirá esperando.,The Replica will keep waiting.,A Réplica continuará esperando.,Реплика будет ждать.
end_depot_title,¡HAS ESCAPADO DE LA RÉPLICA!,YOU ESCAPED THE REPLICA!,VOCÊ ESCAPOU DA RÉPLICA!,ВЫ СБЕЖАЛИ ОТ РЕПЛИКИ!
end_depot_subtitle,Sobreviviste al Depósito Industrial,You survived the Industrial Depot,Você sobreviveu ao Depósito Industrial,Вы выжили на Промышленном складе
end_depot_loading,Volviendo al Menú Principal...,Returning to Main Menu...,Voltando ao Menu Principal...,Возвращение в Главное меню...
monologue_depot_nora,Este lugar... huele a aceite y miedo. Algo aquí no está bien.,This place... it smells like oil and fear. Something here is not right.,Este lugar... cheira a óleo e medo. Algo aqui não está certo.,Это место... пахнет маслом и страхом. Что-то здесь не так.
monologue_depot_ethan,El depósito está en silencio. Demasiado silencio para un sitio de este tamaño.,The depot is silent. Too silent for a place this size.,O depósito está em silêncio. Silêncio demais para um lugar desse tamanho.,В депо тихо. Слишком тихо для места такого размера.
interact_battery,[E]  Recoger Pila de Repuesto,[E]  Pick up Spare Battery,[E]  Coletar Bateria de Reposição,[E]  Взять запасную батарейку
interact_fuse,[E]  Recoger Fusible de Repuesto,[E]  Pick up Spare Fuse,[E]  Coletar Fusível de Reposição,[E]  Взять запасной предохранитель
interact_survival_guide,[E]  Recoger Guía de Supervivencia,[E]  Pick up Survival Guide,[E]  Coletar Guia de Sobrevivência,[E]  Взять руководство по выживанию
interact_ladder_part,[E]  Recoger Pieza de Escalera,[E]  Pick up Ladder Part,[E]  Coletar Peça da Escada,[E]  Взять деталь лестницы
interact_metal_key,[E]  Recoger Llave,[E]  Pick up Key,[E]  Coletar Chave,[E]  Взять ключ
interact_drawer_open,[E]  Abrir Cajón,[E]  Open Drawer,[E]  Abrir Gaveta,[E]  Открыть ящик
interact_drawer_close,[E]  Cerrar Cajón,[E]  Close Drawer,[E]  Fechar Gaveta,[E]  Закрыть ящик
interact_door_open,Abrir Puerta,Open Door,Abrir Porta,Открыть дверь
interact_door_close,Cerrar Puerta,Close Door,Fechar Porta,Закрыть дверь
interact_door_locked,Puerta Bloqueada,Door Locked,Porta Trancada,Дверь заперта
interact_use_key,Usar Llave,Use Key,Usar Chave,Использовать ключ
monologue_found_guide,Una guía de supervivencia... esto me mostrará cómo encontrar las llaves y salir.,A survival guide... this will show me how to find the keys and get out.,Um guia de sobrevivência... isso me mostrará como encontrar as chaves e sair.,"Руководство по выживанию... оно покажет мне, как найти ключи и выбраться."
pause_title,PARTIDA EN PAUSA,GAME PAUSED,JOGO PAUSADO,ИГРА НА ПАУЗЕ
pause_subtitle,• TRANSMISIÓN SUSPENDIDA  |  VHS,• TRANSMISSION SUSPENDED  |  VHS,• TRANSMISSÃO SUSPENSA  |  VHS,• ПЕРЕДАЧА ПРИОСТАНОВЛЕНА  |  VHS
pause_resume,  REANUDAR PARTIDA,  RESUME GAME,  RETOMAR PARTIDA,  ВОЗОБНОВИТЬ ИГРУ
pause_options,  OPCIONES,  OPTIONS,  OPÇÕES,  НАСТРОЙКИ
pause_quit,  SALIR AL MENÚ,  QUIT TO MENU,  SAIR PARA O MENU,  ВЫХОД В МЕНЮ
pause_settings_title,CONFIGURACIÓN DE AJUSTES,SETTINGS CONFIGURATION,CONFIGURAÇÕES DE AJUSTES,КОНФИГУРАЦИЯ НАСТРОЕК
pause_tab_audio,AUDIO Y CONTROLES,AUDIO & CONTROLS,ÁUDIO E CONTROLES,АУДИО И УПРАВЛЕНИЕ
pause_tab_graphics,GRÁFICOS Y RENDIMIENTO,GRAPHICS & PERFORMANCE,GRÁFICOS E DESEMPENHO,ГРАФИКА И ПРОИЗВОДИТЕЛЬНОСТЬ
pause_volume,Volumen de Audio: {0}%,Audio Volume: {0}%,Volume de Áudio: {0}%,Громкость звука: {0}%
pause_sensitivity,Sensibilidad de Cámara: {0:F1},Camera Sensitivity: {0:F1},Sensibilidade da Câmera: {0:F1},Чувствительность камеры: {0:F1}
pause_hud,Tamaño de Interfaz / HUD: {0:F2}x,HUD / Interface Size: {0:F2}x,Tamanho da Interface / HUD: {0:F2}x,Размер интерфейса / HUD: {0:F2}x
pause_fullscreen,Pantalla Completa,Fullscreen,Tela Cheia,Полноэкранный режим
pause_graphics_quality,Calidad de Gráficos:,Graphics Quality:,Qualidade Gráfica:,Качество графики:
pause_resolution,Resolución de Pantalla:,Screen Resolution:,Resolução da Tela:,Разрешение экрана:
pause_native_res,{0}x{1} (Nativa del Dispositivo),{0}x{1} (Device Native),{0}x{1} (Nativa do Dispositivo),{0}x{1} (Родное устройства)
pause_adjust_gamma,CALIBRAR GAMMA ({0:F1}x),CALIBRATE GAMMA ({0:F1}x),CALIBRAR GAMMA ({0:F1}x),КАЛИБРОВКА ГАММЫ ({0:F1}x)
pause_save_back,  GUARDAR Y VOLVER,  SAVE & BACK,  SALVAR E VOLTAR,  СОХРАНИТЬ И ВЕРНУТЬСЯ
pause_gamma_title,CALIBRACIÓN DE BRILLO / GAMMA,BRIGHTNESS / GAMMA CALIBRATION,CALIBRAÇÃO DE BRILHO / GAMMA,КАЛИБРОВКА ЯРКОСТИ / ГАММЫ
pause_gamma_inst,Ajusta el brillo hasta que el icono del engranaje de la derecha sea apenas visible sobre el fondo oscuro.,Adjust the brightness until the gear icon on the right is barely visible against the dark background.,Ajuste o brilho até que o ícone da engrenagem à direita seja apenas visível contra o fundo escuro.,"Отрегулируйте яркость, пока значок шестеренки справа не станет едва виден на темном фоне."
pause_gamma_level,Brillo del Juego: {0:F2}x,Game Brightness: {0:F2}x,Brilho do Jogo: {0:F2}x,Яркость игры: {0:F2}x
pause_gamma_confirm,  CONFIRMAR Y GUARDAR,  CONFIRM & SAVE,  CONFIRMAR E SALVAR,  ПОДТВЕРДИТЬ И СОХРАНИТЬ
pause_gamma_cancel,  CANCELAR,  CANCEL,  CANCELAR,  ОТМЕНА
monologue_subgens_complete,"¡Energía reactivada! La consola de bombeo ya puede presurizarse.","Power restored! The pump console can now be pressurized.","Energia restaurada! O console de bombeamento agora pode ser pressurizado.","Энергия восстановлена! Насосную консоль теперь можно герметизировать."
msg_battery_picked,Pila de repuesto recogida! Batería cargada +{0}%,Spare battery collected! Battery charged +{0}%,Bateria reserva coletada! Bateria carregada +{0}%,Запасная батарейка взята! Батарея +{0}%
msg_fuse_picked,Fusible de repuesto recogido! (Total: {0}),Spare fuse collected! (Total: {0}),Fusível reserva coletado! (Total: {0}),Запасной предохранитель взят! (Всего: {0})
msg_keycard_picked_elev,¡Tarjeta del Director recogida! Dirígete al Ascensor de Escape.,Director Keycard picked up! Head to the Escape Elevator.,Cartão do Diretor coletado! Vá para o Elevador de Fuga.,Ключ-карта директора получена! Идите к эвакуационному лифту.
msg_access_granted,"¡ACCESO CONCEDIDO!\nOficina del Director abierta.","ACCESS GRANTED!\nDirector's Office unlocked.","ACESSO CONCEDIDO!\nSala do Diretor aberta.","ДОСТУП РАЗРЕШЕН!\nКабинет директора открыт."
msg_access_denied,CÓDIGO DE ACCESO INCORRECTO,INCORRECT ACCESS CODE,CÓDIGO DE ACESSO INCORRETO,НЕВЕРНЫЙ КОД ДОСТУПА
monologue_power_restored,Bien; el sistema eléctrico principal está restaurado. Ahora la oficina del director debería tener energía.,Good; the main electrical grid is restored. Now the director's office should have power.,Bom; a rede elétrica principal foi restaurada. Agora a sala do diretor deve ter energia.,Отлично; главная электросеть восстановлена. Теперь в кабинете директора должно быть питание.
monologue_fuse_replaced,Fusible reemplazado. Volvemos a tener corriente eléctrica. Debo darme prisa antes de otra sobrecarga.,Fuse replaced. We have electrical power again. I must hurry before another overload.,Fusível substituído. Temos energia novamente. Preciso me apressar antes de outra sobrecarga.,Предохранитель заменен. Питание снова есть. Нужно спешить до следующей перегрузки.
interact_powerbox,[E]  Rearmar Caja de Fusibles,[E]  Reset Fuse Box,[E]  Rearmar Caixa de Fusíveis,[E]  Перезапустить блок предохранителей
elev_descending,DESCENDIENDO AL SÓTANO...,DESCENDING TO BASEMENT...,DESCENDING TO BASEMENT...,СПУСК В ПОДВАЛ...
elev_prompt_start,[E]  Iniciar Descenso al Sótano,[E]  Start Descent to Basement,[E]  Iniciar Descida ao Subsolo,[E]  Начать спуск в подвал
elev_prompt_no_power,Elevador sin Energía (Repare Fusibles),Elevator Unpowered (Repair Fuses),Elevador Sem Energia (Repare Fusíveis),Лифт обесточен (Отремонтируйте предохранители)
elev_prompt_insert_keycard,[E]  Insertar Tarjeta del Director,[E]  Insert Director Keycard,[E]  Inserir Cartão do Diretor,[E]  Вставить ключ-карту директора
elev_prompt_requires_keycard,Panel Cerrado (Requiere Tarjeta de Acceso),Panel Locked (Requires Keycard),Painel Trancado (Requer Cartão de Acesso),Панель закрыта (Требуется ключ-карта)
elev_prompt_call,[E]  Llamar al Elevador,[E]  Call Elevator,[E]  Chamar Elevador,[E]  Вызвать лифт
elev_prompt_calling,Elevador descendiendo... ({0}s),Elevator descending... ({0}s),Elevador descendendo... ({0}s),Лифт спускается... ({0}с)
elev_prompt_call_suspended,Llamada Suspendida (Sin Energía),Call Suspended (No Power),Chamada Suspensa (Sem Energia),Вызов приостановлен (Нет питания)
tunnels_alarm,[!] ALARMA DE SISTEMA,[!] SYSTEM ALARM,[!] ALARME DE SISTEMA,[!] СИСТЕМНАЯ ТРЕВОГА
tunnels_pump_active,BOMBA HIDRÁULICA ACTIVA,HYDRAULIC PUMP ACTIVE,BOMBA HIDRÁULICA ATIVA,ГИДРАВЛИЧЕСКИЙ НАСОС АКТИВЕН
tunnels_evacuating,EVACUANDO AGUA,EVACUATING WATER,EVACUANDO ÁGUA,ОТЧАЧИВАНИЕ ВОДЫ
tunnels_time_remaining,{0}s RESTANTES,{0}s REMAINING,{0}s RESTANTES,{0}с ОСТАЛОСЬ
tunnels_infestation,[!] ACTIVIDAD PARANORMAL DETECTADA: INFESTACIÓN [!],[!] PARANORMAL ACTIVITY DETECTED: INFESTATION [!],[!] ATIVIDADE PARANORMAL DETECTADA: INFESTAÇÃO [!],[!] ОБНАРУЖЕНА ПАРАНОРМАЛЬНАЯ АКТИВНОСТЬ: ИНФЕСТАЦИЯ [!]
tunnels_drained,[!] SISTEMA DRENADO,[!] SYSTEM DRAINED,[!] SISTEMA DRENADO,[!] СИСТЕМА ОСУШЕНА
tunnels_hatch_open,ESCOTILLA ABIERTA,HATCH OPEN,ESCOTILHA ABERTA,ЛЮК ОТКРЫТ
tunnels_drained_msg,"¡AGUA EVACUADA!\nBUSCA LA ESCOTILLA DE SALIDA","WATER EVACUATED!\nFIND THE ESCAPE HATCH","ÁGUA EVACUADA!\nPROCURE A ESCOTILHA DE SAÍDA","ВОДА ОТЧАЧАНА!\nИЩИТЕ СПАСАТЕЛЬНЫЙ ЛЮК"
tunnels_evacuate_now,[!] ¡EVACÚA INMEDIATAMENTE! [!],[!] EVACUATE IMMEDIATELY! [!],[!] EVACUE IMEDIATAMENTE! [!],[!] СРОЧНО ЭВАКУИРУЙТЕСЬ! [!]
